,Measured distance,Measured anomaly
0,2.9311935206710777,60.74368500000128
1,16.879703559926487,-1415.909590000003
2,25.324074129336744,-694.607514999996
