,Measured distance,Measured anomaly
0,1.075304278594448,-176.32504421807562
1,3.532301582877818,-121.15937683285262
2,5.956631073869246,-65.99370941244283
3,8.376704431145747,0.0
4,10.795384411882461,88.17474663444578
5,13.213436198531456,153.51103623830295
6,15.631151328072635,218.84732583968258
7,18.048665092133415,276.8674756073235
8,20.46604884861004,321.9953459801652
