,Measured distance,Measured anomaly
0,6.2049200651680145,-697.1554625000208
1,9.423428412449825,-390.09516000001895
