,Measured distance,Measured anomaly
0,18.9922106742269,1210.092467276787
1,,0.0
